UserID,MovieID,Rating,Timestamp,Review
U001,M001,5,2023-01-01,
U002,M001,4,2023-01-02,
U003,M002,5,2023-01-03,
U001,M003,3,2023-01-04,
U002,M004,4,2023-01-05,
U003,M005,5,2023-01-06,
U004,M001,4,2023-01-07,
U004,M003,2,2023-01-08,
U005,M002,3,2023-01-09,
U001,M002,5,,its a good movie
U003,M004,5,,It was a epic movie.
