UserID,MovieID,Rating,Timestamp,Title,Genre,Name,Age,Gender,RatingCategory,RatingCount,IsPopular
U001,M001,5.0,2023-01-01,Inception,Sci-Fi,Alice,25,F,High,3,No
U002,M001,4.0,2023-01-02,Inception,Sci-Fi,Bob,30,M,High,3,No
U003,M002,5.0,2023-01-03,Titanic,Romance,Charlie,22,M,High,2,No
U001,M003,3.0,2023-01-04,The Godfather,Crime,Alice,25,F,Medium,2,No
U002,M004,4.0,2023-01-05,Avengers,Action,Bob,30,M,High,1,No
U003,M005,5.0,2023-01-06,Interstellar,Sci-Fi,Charlie,22,M,High,1,No
U004,M001,4.0,2023-01-07,Inception,Sci-Fi,Diana,28,F,High,3,No
U004,M003,2.0,2023-01-08,The Godfather,Crime,Diana,28,F,Low,2,No
U005,M002,3.0,2023-01-09,Titanic,Romance,Ethan,35,M,Medium,2,No
